Ingredient,DF_Route,Trade_Name,Strength,Approval_Date,Type,Application Type,Applicant_Full_Name,Under_Patent,Latest_Patent_Date,Exclusivity_Agreement,Latest_Exclusivity_Date,Generic_Forms
['amoxicillin'],CAPSULE;ORAL,amoxil,250MG,1982-01-01,DISCN,N,"GLAXOSMITHKLINE
",,,,,"[['AUROBINDO PHARMA LTD\n', datetime.date(2005, 11, 9), 'RX'], ['BELCHER PHARMACEUTICALS INC\n', datetime.date(1982, 1, 1), 'RX'], ['DAVA PHARMACEUTICALS INC\n', datetime.date(1988, 2, 25), 'RX'], ['HIKMA PHARMACEUTICALS\n', datetime.date(2007, 2, 5), 'RX'], ['LABORATORIOS ATRAL SARL\n', datetime.date(1985, 8, 7), 'DISCN'], ['MYLAN PHARMACEUTICALS INC\n', datetime.date(1982, 1, 1), 'DISCN'], ['SANDOZ INC\n', datetime.date(1994, 9, 30), 'RX'], ['SUN PHARMACEUTICAL INDUSTRIES LTD\n', datetime.date(1999, 4, 8), 'DISCN'], ['TEVA PHARMACEUTICALS USA INC\n', datetime.date(1982, 1, 1), 'RX'], ['TEVA PHARMACEUTICALS USA INC\n', datetime.date(1987, 12, 22), 'DISCN'], ['TEVA PHARMACEUTICALS USA INC\n', datetime.date(1989, 2, 28), 'DISCN'], ['NEOPHARMA INC\n', datetime.date(1982, 1, 1), 'RX'], ['APOTHECON INC DIV BRISTOL MYERS SQUIBB\n', datetime.date(1982, 1, 1), 'DISCN'], ['APOTHECON SUB BRISTOL MYERS SQUIBB CO\n', datetime.date(1982, 1, 1), 'DISCN'], ['APOTHECON SUB BRISTOL MYERS SQUIBB CO\n', datetime.date(1982, 1, 1), 'DISCN'], ['APOTHECON INC DIV BRISTOL MYERS SQUIBB\n', datetime.date(1992, 3, 20), 'DISCN'], ['PARKE DAVIS DIV WARNER LAMBERT CO\n', datetime.date(1982, 1, 1), 'DISCN'], ['WYETH AYERST LABORATORIES\n', datetime.date(1982, 1, 1), 'DISCN']]"
['amoxicillin'],CAPSULE;ORAL,amoxil,500MG,1982-01-01,DISCN,N,"GLAXOSMITHKLINE
",,,,,"[['AUROBINDO PHARMA LTD\n', datetime.date(2005, 11, 9), 'RX'], ['BELCHER PHARMACEUTICALS INC\n', datetime.date(1982, 1, 1), 'RX'], ['DAVA PHARMACEUTICALS INC\n', datetime.date(1988, 2, 25), 'RX'], ['HIKMA PHARMACEUTICALS\n', datetime.date(2007, 2, 5), 'RX'], ['LABORATORIOS ATRAL SARL\n', datetime.date(1985, 8, 7), 'DISCN'], ['MYLAN PHARMACEUTICALS INC\n', datetime.date(1982, 1, 1), 'DISCN'], ['SANDOZ INC\n', datetime.date(1994, 9, 30), 'RX'], ['SUN PHARMACEUTICAL INDUSTRIES LTD\n', datetime.date(1999, 4, 8), 'DISCN'], ['TEVA PHARMACEUTICALS USA INC\n', datetime.date(1982, 1, 1), 'RX'], ['TEVA PHARMACEUTICALS USA INC\n', datetime.date(1987, 12, 22), 'DISCN'], ['TEVA PHARMACEUTICALS USA INC\n', datetime.date(1989, 2, 28), 'DISCN'], ['NEOPHARMA INC\n', datetime.date(1982, 1, 1), 'RX'], ['APOTHECON INC DIV BRISTOL MYERS SQUIBB\n', datetime.date(1982, 1, 1), 'DISCN'], ['APOTHECON SUB BRISTOL MYERS SQUIBB CO\n', datetime.date(1982, 1, 1), 'DISCN'], ['APOTHECON SUB BRISTOL MYERS SQUIBB CO\n', datetime.date(1982, 1, 1), 'DISCN'], ['APOTHECON INC DIV BRISTOL MYERS SQUIBB\n', datetime.date(1992, 3, 20), 'DISCN'], ['PARKE DAVIS DIV WARNER LAMBERT CO\n', datetime.date(1982, 1, 1), 'DISCN'], ['WYETH AYERST LABORATORIES\n', datetime.date(1982, 1, 1), 'DISCN']]"
['ampicillin/ampicillin trihydrate'],CAPSULE;ORAL,omnipen (ampicillin),250MG,1982-01-01,DISCN,A,"WYETH AYERST LABORATORIES
",,,,,[]
['ampicillin/ampicillin trihydrate'],CAPSULE;ORAL,omnipen (ampicillin),500MG,1982-01-01,DISCN,A,"WYETH AYERST LABORATORIES
",,,,,[]
['ampicillin/ampicillin trihydrate'],CAPSULE;ORAL,polycillin,EQ 250MG BASE,1982-01-01,DISCN,N,"BRISTOL LABORATORIES INC DIV BRISTOL MYERS CO
",,,,,"[['PARKE DAVIS DIV WARNER LAMBERT CO\n', datetime.date(1982, 1, 1), 'DISCN'], ['BELCHER PHARMACEUTICALS INC\n', datetime.date(1982, 1, 1), 'DISCN'], ['DAVA PHARMACEUTICALS INC\n', datetime.date(1988, 2, 25), 'RX'], ['HERITAGE PHARMA LABS INC\n', datetime.date(1982, 1, 1), 'DISCN'], ['IVAX PHARMACEUTICALS INC SUB TEVA PHARMACEUTICALS USA\n', datetime.date(1982, 1, 1), 'DISCN'], ['LEDERLE LABORATORIES DIV AMERICAN CYANAMID CO\n', datetime.date(1982, 1, 1), 'DISCN'], ['MYLAN PHARMACEUTICALS INC\n', datetime.date(1982, 1, 1), 'DISCN'], ['PUREPAC PHARMACEUTICAL CO\n', datetime.date(1982, 1, 1), 'DISCN'], ['SANDOZ INC\n', datetime.date(1995, 8, 29), 'RX'], ['VITARINE PHARMACEUTICALS INC\n', datetime.date(1982, 1, 1), 'DISCN'], ['WYETH AYERST LABORATORIES\n', datetime.date(1982, 1, 1), 'DISCN'], ['PFIZER LABORATORIES DIV PFIZER INC\n', datetime.date(1982, 1, 1), 'DISCN'], ['APOTHECON INC DIV BRISTOL MYERS SQUIBB\n', datetime.date(1988, 3, 4), 'DISCN'], ['BRISTOL MYERS SQUIBB CO\n', datetime.date(1982, 1, 1), 'DISCN'], ['APOTHECON SUB BRISTOL MYERS SQUIBB CO\n', datetime.date(1982, 1, 1), 'DISCN'], ['GLAXOSMITHKLINE\n', datetime.date(1982, 1, 1), 'DISCN'], ['GLAXOSMITHKLINE\n', datetime.date(1982, 1, 1), 'DISCN']]"
['ampicillin/ampicillin trihydrate'],CAPSULE;ORAL,polycillin,EQ 500MG BASE,1982-01-01,DISCN,N,"BRISTOL LABORATORIES INC DIV BRISTOL MYERS CO
",,,,,"[['PARKE DAVIS DIV WARNER LAMBERT CO\n', datetime.date(1982, 1, 1), 'DISCN'], ['BELCHER PHARMACEUTICALS INC\n', datetime.date(1982, 1, 1), 'DISCN'], ['DAVA PHARMACEUTICALS INC\n', datetime.date(1988, 2, 25), 'DISCN'], ['HERITAGE PHARMA LABS INC\n', datetime.date(1982, 1, 1), 'DISCN'], ['IVAX PHARMACEUTICALS INC SUB TEVA PHARMACEUTICALS USA\n', datetime.date(1982, 1, 1), 'DISCN'], ['LEDERLE LABORATORIES DIV AMERICAN CYANAMID CO\n', datetime.date(1982, 1, 1), 'DISCN'], ['MYLAN PHARMACEUTICALS INC\n', datetime.date(1982, 1, 1), 'DISCN'], ['PUREPAC PHARMACEUTICAL CO\n', datetime.date(1982, 1, 1), 'DISCN'], ['SANDOZ INC\n', datetime.date(1995, 8, 29), 'RX'], ['VITARINE PHARMACEUTICALS INC\n', datetime.date(1982, 1, 1), 'DISCN'], ['WYETH AYERST LABORATORIES\n', datetime.date(1982, 1, 1), 'DISCN'], ['PFIZER LABORATORIES DIV PFIZER INC\n', datetime.date(1982, 1, 1), 'DISCN'], ['APOTHECON INC DIV BRISTOL MYERS SQUIBB\n', datetime.date(1988, 3, 4), 'DISCN'], ['BRISTOL MYERS SQUIBB CO\n', datetime.date(1982, 1, 1), 'DISCN'], ['APOTHECON SUB BRISTOL MYERS SQUIBB CO\n', datetime.date(1982, 1, 1), 'DISCN'], ['GLAXOSMITHKLINE\n', datetime.date(1982, 1, 1), 'DISCN'], ['GLAXOSMITHKLINE\n', datetime.date(1982, 1, 1), 'DISCN']]"
['ampicillin/ampicillin trihydrate'],CAPSULE;ORAL,principen '250',EQ 250MG BASE,1982-01-01,DISCN,N,"APOTHECON SUB BRISTOL MYERS SQUIBB CO
",,,,,"[['PARKE DAVIS DIV WARNER LAMBERT CO\n', datetime.date(1982, 1, 1), 'DISCN'], ['BELCHER PHARMACEUTICALS INC\n', datetime.date(1982, 1, 1), 'DISCN'], ['DAVA PHARMACEUTICALS INC\n', datetime.date(1988, 2, 25), 'RX'], ['HERITAGE PHARMA LABS INC\n', datetime.date(1982, 1, 1), 'DISCN'], ['IVAX PHARMACEUTICALS INC SUB TEVA PHARMACEUTICALS USA\n', datetime.date(1982, 1, 1), 'DISCN'], ['LEDERLE LABORATORIES DIV AMERICAN CYANAMID CO\n', datetime.date(1982, 1, 1), 'DISCN'], ['MYLAN PHARMACEUTICALS INC\n', datetime.date(1982, 1, 1), 'DISCN'], ['PUREPAC PHARMACEUTICAL CO\n', datetime.date(1982, 1, 1), 'DISCN'], ['SANDOZ INC\n', datetime.date(1995, 8, 29), 'RX'], ['VITARINE PHARMACEUTICALS INC\n', datetime.date(1982, 1, 1), 'DISCN'], ['WYETH AYERST LABORATORIES\n', datetime.date(1982, 1, 1), 'DISCN'], ['PFIZER LABORATORIES DIV PFIZER INC\n', datetime.date(1982, 1, 1), 'DISCN'], ['APOTHECON INC DIV BRISTOL MYERS SQUIBB\n', datetime.date(1988, 3, 4), 'DISCN'], ['BRISTOL MYERS SQUIBB CO\n', datetime.date(1982, 1, 1), 'DISCN'], ['APOTHECON SUB BRISTOL MYERS SQUIBB CO\n', datetime.date(1982, 1, 1), 'DISCN'], ['GLAXOSMITHKLINE\n', datetime.date(1982, 1, 1), 'DISCN'], ['GLAXOSMITHKLINE\n', datetime.date(1982, 1, 1), 'DISCN']]"
['ampicillin/ampicillin trihydrate'],CAPSULE;ORAL,principen '500',EQ 500MG BASE,1982-01-01,DISCN,N,"APOTHECON SUB BRISTOL MYERS SQUIBB CO
",,,,,"[['PARKE DAVIS DIV WARNER LAMBERT CO\n', datetime.date(1982, 1, 1), 'DISCN'], ['BELCHER PHARMACEUTICALS INC\n', datetime.date(1982, 1, 1), 'DISCN'], ['DAVA PHARMACEUTICALS INC\n', datetime.date(1988, 2, 25), 'DISCN'], ['HERITAGE PHARMA LABS INC\n', datetime.date(1982, 1, 1), 'DISCN'], ['IVAX PHARMACEUTICALS INC SUB TEVA PHARMACEUTICALS USA\n', datetime.date(1982, 1, 1), 'DISCN'], ['LEDERLE LABORATORIES DIV AMERICAN CYANAMID CO\n', datetime.date(1982, 1, 1), 'DISCN'], ['MYLAN PHARMACEUTICALS INC\n', datetime.date(1982, 1, 1), 'DISCN'], ['PUREPAC PHARMACEUTICAL CO\n', datetime.date(1982, 1, 1), 'DISCN'], ['SANDOZ INC\n', datetime.date(1995, 8, 29), 'RX'], ['VITARINE PHARMACEUTICALS INC\n', datetime.date(1982, 1, 1), 'DISCN'], ['WYETH AYERST LABORATORIES\n', datetime.date(1982, 1, 1), 'DISCN'], ['PFIZER LABORATORIES DIV PFIZER INC\n', datetime.date(1982, 1, 1), 'DISCN'], ['APOTHECON INC DIV BRISTOL MYERS SQUIBB\n', datetime.date(1988, 3, 4), 'DISCN'], ['BRISTOL MYERS SQUIBB CO\n', datetime.date(1982, 1, 1), 'DISCN'], ['APOTHECON SUB BRISTOL MYERS SQUIBB CO\n', datetime.date(1982, 1, 1), 'DISCN'], ['GLAXOSMITHKLINE\n', datetime.date(1982, 1, 1), 'DISCN'], ['GLAXOSMITHKLINE\n', datetime.date(1982, 1, 1), 'DISCN']]"
['atazanavir sulfate'],CAPSULE;ORAL,reyataz,EQ 100MG BASE,2003-06-20,DISCN,N,"BRISTOL MYERS SQUIBB CO
",,,,,"[['AUROBINDO PHARMA LTD\n', datetime.date(2018, 6, 25), 'RX'], ['CIPLA LTD\n', datetime.date(2018, 8, 9), 'RX'], ['TEVA PHARMACEUTICALS USA\n', datetime.date(2014, 4, 22), 'RX']]"
['atazanavir sulfate'],CAPSULE;ORAL,reyataz,EQ 150MG BASE,2003-06-20,RX,N,"BRISTOL MYERS SQUIBB CO
",,,,,"[['AUROBINDO PHARMA LTD\n', datetime.date(2018, 6, 25), 'RX'], ['CIPLA LTD\n', datetime.date(2018, 8, 9), 'RX'], ['MYLAN PHARMACEUTICALS INC\n', datetime.date(2018, 9, 24), 'DISCN'], ['TEVA PHARMACEUTICALS USA\n', datetime.date(2014, 4, 22), 'RX']]"
['atazanavir sulfate'],CAPSULE;ORAL,reyataz,EQ 200MG BASE,2003-06-20,RX,N,"BRISTOL MYERS SQUIBB CO
",,,,,"[['AUROBINDO PHARMA LTD\n', datetime.date(2018, 6, 25), 'RX'], ['CIPLA LTD\n', datetime.date(2018, 8, 9), 'RX'], ['MYLAN PHARMACEUTICALS INC\n', datetime.date(2018, 9, 24), 'DISCN'], ['TEVA PHARMACEUTICALS USA\n', datetime.date(2014, 4, 22), 'RX']]"
['atazanavir sulfate'],CAPSULE;ORAL,reyataz,EQ 300MG BASE,2006-10-16,RX,N,"BRISTOL MYERS SQUIBB CO
",,,,,"[['AUROBINDO PHARMA LTD\n', datetime.date(2018, 6, 25), 'RX'], ['CIPLA LTD\n', datetime.date(2018, 8, 9), 'RX'], ['MYLAN PHARMACEUTICALS INC\n', datetime.date(2018, 9, 24), 'DISCN'], ['TEVA PHARMACEUTICALS USA\n', datetime.date(2014, 4, 22), 'RX']]"
['azithromycin'],CAPSULE;ORAL,zithromax,EQ 250MG BASE,1991-11-01,DISCN,N,"PFIZER CHEMICALS DIV PFIZER INC
",,,,,[]
['acyclovir'],CAPSULE;ORAL,zovirax,200MG,1985-01-25,DISCN,N,"MYLAN PHARMACEUTICALS INC
",,,,,"[['ACTAVIS ELIZABETH LLC\n', datetime.date(1997, 8, 26), 'DISCN'], ['APOTEX INC\n', datetime.date(2005, 9, 28), 'RX'], ['CADILA HEALTHCARE LTD\n', datetime.date(2016, 3, 25), 'RX'], ['CADILA PHARMACEUTICALS LTD\n', datetime.date(2014, 3, 6), 'RX'], ['CARLSBAD TECHNOLOGY INC\n', datetime.date(2017, 8, 16), 'RX'], ['CHARTWELL MOLECULES LLC\n', datetime.date(1997, 4, 22), 'DISCN'], ['DAVA PHARMACEUTICALS INC\n', datetime.date(1997, 4, 22), 'RX'], ['HERITAGE PHARMACEUTICALS INC\n', datetime.date(1997, 10, 31), 'RX'], ['IVAX PHARMACEUTICALS INC SUB TEVA PHARMACEUTICALS USA\n', datetime.date(1997, 4, 22), 'DISCN'], ['KENTON CHEMICALS AND PHARMACEUTICALS CORP\n', datetime.date(1999, 1, 26), 'RX'], ['LEK PHARMACEUTICAL AND CHEMICAL CO DD\n', datetime.date(1997, 4, 22), 'DISCN'], ['MYLAN PHARMACEUTICALS INC\n', datetime.date(1997, 4, 22), 'DISCN'], ['MYLAN PHARMACEUTICALS INC\n', datetime.date(1998, 4, 13), 'DISCN'], ['RANBAXY LABORATORIES LTD\n', datetime.date(1998, 9, 30), 'DISCN'], ['ROXANE LABORATORIES INC\n', datetime.date(1997, 4, 22), 'DISCN'], ['TEVA PHARMACEUTICALS USA INC\n', datetime.date(1997, 4, 22), 'RX'], ['TEVA PHARMACEUTICALS USA INC\n', datetime.date(1997, 4, 22), 'DISCN'], ['TEVA PHARMACEUTICALS USA\n', datetime.date(1997, 11, 26), 'DISCN'], ['WATSON LABORATORIES INC\n', datetime.date(1998, 4, 15), 'DISCN']]"
['acyclovir'],CREAM;TOPICAL,zovirax,5%,2002-12-30,RX,N,"BAUSCH HEALTH US LLC
",,,,,"[['PERRIGO UK FINCO LTD PARTNERSHIP\n', datetime.date(2019, 2, 4), 'RX']]"
['azithromycin'],"FOR SUSPENSION, EXTENDED RELEASE;ORAL",zmax,EQ 2GM BASE/BOT,2005-06-10,DISCN,N,"PF PRISM CV
",True,2024-02-14,,,[]
['amoxicillin'],FOR SUSPENSION;ORAL,amoxil,50MG/ML,1982-01-01,DISCN,N,"GLAXOSMITHKLINE
",,,,,"[['TEVA PHARMACEUTICALS USA INC\n', datetime.date(1982, 12, 1), 'RX'], ['NEOPHARMA INC\n', datetime.date(1982, 1, 1), 'RX'], ['APOTHECON INC DIV BRISTOL MYERS SQUIBB\n', datetime.date(1982, 1, 1), 'DISCN']]"
['amoxicillin'],FOR SUSPENSION;ORAL,amoxil,125MG/5ML,1982-01-01,DISCN,N,"GLAXOSMITHKLINE
",,,,,"[['AUROBINDO PHARMA LTD\n', datetime.date(2014, 9, 15), 'RX'], ['BELCHER PHARMACEUTICALS INC\n', datetime.date(1982, 1, 1), 'DISCN'], ['DAVA PHARMACEUTICALS INC\n', datetime.date(1988, 11, 25), 'RX'], ['HIKMA PHARMACEUTICALS\n', datetime.date(2006, 6, 19), 'RX'], ['MYLAN PHARMACEUTICALS INC\n', datetime.date(1982, 1, 1), 'DISCN'], ['SANDOZ INC\n', datetime.date(2007, 3, 26), 'RX'], ['TEVA PHARMACEUTICALS USA INC\n', datetime.date(1982, 1, 1), 'DISCN'], ['TEVA PHARMACEUTICALS USA INC\n', datetime.date(1988, 11, 1), 'DISCN'], ['NEOPHARMA INC\n', datetime.date(1982, 1, 1), 'RX'], ['NEOPHARMA INC\n', datetime.date(1982, 1, 1), 'RX'], ['APOTHECON INC DIV BRISTOL MYERS SQUIBB\n', datetime.date(1982, 1, 1), 'DISCN'], ['APOTHECON INC DIV BRISTOL MYERS SQUIBB\n', datetime.date(1982, 1, 1), 'DISCN'], ['APOTHECON INC DIV BRISTOL MYERS SQUIBB\n', datetime.date(1982, 1, 1), 'DISCN'], ['APOTHECON SUB BRISTOL MYERS SQUIBB CO\n', datetime.date(1982, 1, 1), 'DISCN'], ['APOTHECON SUB BRISTOL MYERS SQUIBB CO\n', datetime.date(1982, 1, 1), 'DISCN'], ['APOTHECON INC DIV BRISTOL MYERS SQUIBB\n', datetime.date(1988, 3, 8), 'DISCN'], ['PARKE DAVIS DIV WARNER LAMBERT CO\n', datetime.date(1982, 1, 1), 'DISCN'], ['WYETH AYERST LABORATORIES\n', datetime.date(1982, 1, 1), 'DISCN']]"
['amoxicillin'],FOR SUSPENSION;ORAL,amoxil,250MG/5ML,1982-01-01,DISCN,N,"GLAXOSMITHKLINE
",,,,,"[['AUROBINDO PHARMA LTD\n', datetime.date(2014, 9, 15), 'RX'], ['BELCHER PHARMACEUTICALS INC\n', datetime.date(1982, 1, 1), 'DISCN'], ['DAVA PHARMACEUTICALS INC\n', datetime.date(1988, 11, 25), 'RX'], ['HIKMA PHARMACEUTICALS\n', datetime.date(2006, 6, 19), 'RX'], ['MYLAN PHARMACEUTICALS INC\n', datetime.date(1982, 1, 1), 'DISCN'], ['SANDOZ INC\n', datetime.date(2007, 3, 26), 'RX'], ['TEVA PHARMACEUTICALS USA INC\n', datetime.date(1982, 1, 1), 'RX'], ['TEVA PHARMACEUTICALS USA INC\n', datetime.date(1989, 1, 6), 'DISCN'], ['NEOPHARMA INC\n', datetime.date(1982, 1, 1), 'RX'], ['NEOPHARMA INC\n', datetime.date(1982, 1, 1), 'RX'], ['APOTHECON INC DIV BRISTOL MYERS SQUIBB\n', datetime.date(1982, 1, 1), 'DISCN'], ['APOTHECON INC DIV BRISTOL MYERS SQUIBB\n', datetime.date(1982, 1, 1), 'DISCN'], ['APOTHECON INC DIV BRISTOL MYERS SQUIBB\n', datetime.date(1982, 1, 1), 'DISCN'], ['APOTHECON SUB BRISTOL MYERS SQUIBB CO\n', datetime.date(1982, 1, 1), 'DISCN'], ['APOTHECON SUB BRISTOL MYERS SQUIBB CO\n', datetime.date(1982, 1, 1), 'DISCN'], ['APOTHECON INC DIV BRISTOL MYERS SQUIBB\n', datetime.date(1988, 3, 8), 'DISCN'], ['PARKE DAVIS DIV WARNER LAMBERT CO\n', datetime.date(1982, 1, 1), 'DISCN'], ['WYETH AYERST LABORATORIES\n', datetime.date(1982, 1, 1), 'DISCN']]"
['amoxicillin'],FOR SUSPENSION;ORAL,amoxil,200MG/5ML,1999-04-15,DISCN,N,"NEOPHARMA INC
",,,,,"[['AUROBINDO PHARMA LTD\n', datetime.date(2006, 12, 28), 'RX'], ['HIKMA PHARMACEUTICALS\n', datetime.date(2006, 6, 19), 'RX'], ['SANDOZ INC\n', datetime.date(2007, 3, 26), 'RX'], ['SUN PHARMACEUTICAL INDUSTRIES LTD\n', datetime.date(2002, 11, 29), 'DISCN'], ['TEVA PHARMACEUTICALS USA INC\n', datetime.date(2002, 12, 4), 'RX']]"
['amoxicillin'],FOR SUSPENSION;ORAL,amoxil,400MG/5ML,1999-04-15,DISCN,N,"NEOPHARMA INC
",,,,,"[['AUROBINDO PHARMA LTD\n', datetime.date(2006, 12, 28), 'RX'], ['HIKMA PHARMACEUTICALS\n', datetime.date(2006, 6, 19), 'RX'], ['SANDOZ INC\n', datetime.date(2007, 3, 26), 'RX'], ['SUN PHARMACEUTICAL INDUSTRIES LTD\n', datetime.date(2002, 11, 29), 'DISCN'], ['TEVA PHARMACEUTICALS USA INC\n', datetime.date(2002, 12, 4), 'RX'], ['WOCKHARDT BIO AG\n', datetime.date(2007, 6, 18), 'RX']]"
"['amoxicillin', 'clavulanate potassium']",FOR SUSPENSION;ORAL,augmentin '125',125MG/5ML;EQ 31.25MG BASE/5ML,1984-08-06,RX,N,"NEOPHARMA INC
",,,,,"[['AUROBINDO PHARMA LTD\n', datetime.date(2019, 4, 19), 'RX']]"
"['amoxicillin', 'clavulanate potassium']",FOR SUSPENSION;ORAL,augmentin '200',200MG/5ML;EQ 28.5MG BASE/5ML,1996-05-31,DISCN,N,"NEOPHARMA INC
",,,,,"[['AUROBINDO PHARMA LTD\n', datetime.date(2011, 12, 20), 'RX'], ['HIKMA PHARMACEUTICALS\n', datetime.date(2005, 1, 25), 'RX'], ['SANDOZ INC\n', datetime.date(2002, 6, 5), 'RX'], ['SANDOZ INC\n', datetime.date(2002, 12, 16), 'RX'], ['SUN PHARMACEUTICAL INDUSTRIES LTD\n', datetime.date(2003, 3, 19), 'DISCN'], ['TEVA PHARMACEUTICALS USA INC\n', datetime.date(2004, 5, 25), 'RX']]"
"['amoxicillin', 'clavulanate potassium']",FOR SUSPENSION;ORAL,augmentin '250',250MG/5ML;EQ 62.5MG BASE/5ML,1984-08-06,RX,N,"NEOPHARMA INC
",,,,,"[['AUROBINDO PHARMA LTD\n', datetime.date(2019, 4, 19), 'RX'], ['WOCKHARDT BIO AG\n', datetime.date(2008, 11, 25), 'RX']]"
"['amoxicillin', 'clavulanate potassium']",FOR SUSPENSION;ORAL,augmentin '400',400MG/5ML;EQ 57MG BASE/5ML,1996-05-31,DISCN,N,"NEOPHARMA INC
",,,,,"[['AUROBINDO PHARMA LTD\n', datetime.date(2011, 12, 20), 'RX'], ['HIKMA PHARMACEUTICALS\n', datetime.date(2005, 1, 25), 'RX'], ['SANDOZ INC\n', datetime.date(2002, 6, 5), 'RX'], ['SANDOZ INC\n', datetime.date(2002, 12, 16), 'RX'], ['SUN PHARMACEUTICAL INDUSTRIES LTD\n', datetime.date(2003, 3, 19), 'DISCN'], ['TEVA PHARMACEUTICALS USA INC\n', datetime.date(2004, 5, 25), 'RX']]"
"['amoxicillin', 'clavulanate potassium']",FOR SUSPENSION;ORAL,augmentin es-600,600MG/5ML;EQ 42.9MG BASE/5ML,2001-06-22,DISCN,N,"NEOPHARMA INC
",,,,,"[['AUROBINDO PHARMA LTD\n', datetime.date(2011, 12, 20), 'RX'], ['HIKMA PHARMACEUTICALS\n', datetime.date(2007, 11, 9), 'RX'], ['SANDOZ INC\n', datetime.date(2007, 8, 13), 'RX'], ['SUN PHARMACEUTICAL INDUSTRIES LTD\n', datetime.date(2007, 1, 30), 'DISCN'], ['TEVA PHARMACEUTICALS USA INC\n', datetime.date(2004, 3, 12), 'RX'], ['WOCKHARDT BIO AG\n', datetime.date(2013, 12, 2), 'RX']]"
['amoxicillin'],FOR SUSPENSION;ORAL,larotid,50MG/ML,1982-01-01,DISCN,N,"GLAXOSMITHKLINE
",,,,,"[['TEVA PHARMACEUTICALS USA INC\n', datetime.date(1982, 12, 1), 'RX'], ['NEOPHARMA INC\n', datetime.date(1982, 1, 1), 'RX'], ['APOTHECON INC DIV BRISTOL MYERS SQUIBB\n', datetime.date(1982, 1, 1), 'DISCN']]"
['ampicillin/ampicillin trihydrate'],FOR SUSPENSION;ORAL,omnipen (ampicillin),100MG/ML,1982-01-01,DISCN,A,"WYETH AYERST LABORATORIES
",,,,,[]
['ampicillin/ampicillin trihydrate'],FOR SUSPENSION;ORAL,omnipen (ampicillin),125MG/5ML,1982-01-01,DISCN,A,"WYETH AYERST LABORATORIES
",,,,,[]
['ampicillin/ampicillin trihydrate'],FOR SUSPENSION;ORAL,omnipen (ampicillin),250MG/5ML,1982-01-01,DISCN,A,"WYETH AYERST LABORATORIES
",,,,,[]
['ampicillin/ampicillin trihydrate'],FOR SUSPENSION;ORAL,omnipen (ampicillin),500MG/5ML,1982-01-01,DISCN,A,"WYETH AYERST LABORATORIES
",,,,,[]
['ampicillin/ampicillin trihydrate'],FOR SUSPENSION;ORAL,penbritin,EQ 100MG BASE/ML,1982-01-01,DISCN,N,"WYETH AYERST LABORATORIES
",,,,,"[['APOTHECON INC DIV BRISTOL MYERS SQUIBB\n', datetime.date(1982, 1, 1), 'DISCN']]"
['ampicillin/ampicillin trihydrate'],FOR SUSPENSION;ORAL,penbritin,EQ 125MG BASE/5ML,1982-01-01,DISCN,N,"WYETH AYERST LABORATORIES
",,,,,"[['PARKE DAVIS DIV WARNER LAMBERT CO\n', datetime.date(1982, 1, 1), 'DISCN'], ['BELCHER PHARMACEUTICALS INC\n', datetime.date(1982, 1, 1), 'DISCN'], ['DAVA PHARMACEUTICALS INC\n', datetime.date(1989, 2, 10), 'RX'], ['MYLAN PHARMACEUTICALS INC\n', datetime.date(1982, 1, 1), 'DISCN'], ['PUREPAC PHARMACEUTICAL CO\n', datetime.date(1982, 1, 1), 'DISCN'], ['TEVA PHARMACEUTICALS USA INC\n', datetime.date(1982, 1, 1), 'DISCN'], ['PFIZER LABORATORIES DIV PFIZER INC\n', datetime.date(1982, 1, 1), 'DISCN'], ['APOTHECON INC DIV BRISTOL MYERS SQUIBB\n', datetime.date(1982, 1, 1), 'DISCN'], ['APOTHECON INC DIV BRISTOL MYERS SQUIBB\n', datetime.date(1982, 1, 1), 'DISCN'], ['APOTHECON SUB BRISTOL MYERS SQUIBB CO\n', datetime.date(1982, 1, 1), 'DISCN'], ['APOTHECON SUB BRISTOL MYERS SQUIBB CO\n', datetime.date(1982, 1, 1), 'DISCN'], ['GLAXOSMITHKLINE\n', datetime.date(1982, 1, 1), 'DISCN'], ['GLAXOSMITHKLINE\n', datetime.date(1982, 1, 1), 'DISCN']]"
['ampicillin/ampicillin trihydrate'],FOR SUSPENSION;ORAL,penbritin,EQ 250MG BASE/5ML,1982-01-01,DISCN,N,"WYETH AYERST LABORATORIES
",,,,,"[['PARKE DAVIS DIV WARNER LAMBERT CO\n', datetime.date(1982, 1, 1), 'DISCN'], ['BELCHER PHARMACEUTICALS INC\n', datetime.date(1982, 1, 1), 'DISCN'], ['DAVA PHARMACEUTICALS INC\n', datetime.date(1989, 2, 10), 'RX'], ['MYLAN PHARMACEUTICALS INC\n', datetime.date(1982, 1, 1), 'DISCN'], ['PUREPAC PHARMACEUTICAL CO\n', datetime.date(1982, 1, 1), 'DISCN'], ['TEVA PHARMACEUTICALS USA INC\n', datetime.date(1982, 1, 1), 'DISCN'], ['PFIZER LABORATORIES DIV PFIZER INC\n', datetime.date(1982, 1, 1), 'DISCN'], ['APOTHECON INC DIV BRISTOL MYERS SQUIBB\n', datetime.date(1982, 1, 1), 'DISCN'], ['APOTHECON INC DIV BRISTOL MYERS SQUIBB\n', datetime.date(1982, 1, 1), 'DISCN'], ['APOTHECON SUB BRISTOL MYERS SQUIBB CO\n', datetime.date(1982, 1, 1), 'DISCN'], ['APOTHECON SUB BRISTOL MYERS SQUIBB CO\n', datetime.date(1982, 1, 1), 'DISCN'], ['GLAXOSMITHKLINE\n', datetime.date(1982, 1, 1), 'DISCN'], ['GLAXOSMITHKLINE\n', datetime.date(1982, 1, 1), 'DISCN']]"
['ampicillin/ampicillin trihydrate'],FOR SUSPENSION;ORAL,polycillin,EQ 100MG BASE/ML,1982-01-01,DISCN,N,"BRISTOL LABORATORIES INC DIV BRISTOL MYERS CO
",,,,,"[['APOTHECON INC DIV BRISTOL MYERS SQUIBB\n', datetime.date(1982, 1, 1), 'DISCN']]"
['ampicillin/ampicillin trihydrate'],FOR SUSPENSION;ORAL,polycillin,EQ 125MG BASE/5ML,1982-01-01,DISCN,N,"BRISTOL LABORATORIES INC DIV BRISTOL MYERS CO
",,,,,"[['PARKE DAVIS DIV WARNER LAMBERT CO\n', datetime.date(1982, 1, 1), 'DISCN'], ['BELCHER PHARMACEUTICALS INC\n', datetime.date(1982, 1, 1), 'DISCN'], ['DAVA PHARMACEUTICALS INC\n', datetime.date(1989, 2, 10), 'RX'], ['MYLAN PHARMACEUTICALS INC\n', datetime.date(1982, 1, 1), 'DISCN'], ['PUREPAC PHARMACEUTICAL CO\n', datetime.date(1982, 1, 1), 'DISCN'], ['TEVA PHARMACEUTICALS USA INC\n', datetime.date(1982, 1, 1), 'DISCN'], ['PFIZER LABORATORIES DIV PFIZER INC\n', datetime.date(1982, 1, 1), 'DISCN'], ['APOTHECON INC DIV BRISTOL MYERS SQUIBB\n', datetime.date(1982, 1, 1), 'DISCN'], ['APOTHECON INC DIV BRISTOL MYERS SQUIBB\n', datetime.date(1982, 1, 1), 'DISCN'], ['APOTHECON SUB BRISTOL MYERS SQUIBB CO\n', datetime.date(1982, 1, 1), 'DISCN'], ['APOTHECON SUB BRISTOL MYERS SQUIBB CO\n', datetime.date(1982, 1, 1), 'DISCN'], ['GLAXOSMITHKLINE\n', datetime.date(1982, 1, 1), 'DISCN'], ['GLAXOSMITHKLINE\n', datetime.date(1982, 1, 1), 'DISCN']]"
['ampicillin/ampicillin trihydrate'],FOR SUSPENSION;ORAL,polycillin,EQ 250MG BASE/5ML,1982-01-01,DISCN,N,"BRISTOL LABORATORIES INC DIV BRISTOL MYERS CO
",,,,,"[['PARKE DAVIS DIV WARNER LAMBERT CO\n', datetime.date(1982, 1, 1), 'DISCN'], ['BELCHER PHARMACEUTICALS INC\n', datetime.date(1982, 1, 1), 'DISCN'], ['DAVA PHARMACEUTICALS INC\n', datetime.date(1989, 2, 10), 'RX'], ['MYLAN PHARMACEUTICALS INC\n', datetime.date(1982, 1, 1), 'DISCN'], ['PUREPAC PHARMACEUTICAL CO\n', datetime.date(1982, 1, 1), 'DISCN'], ['TEVA PHARMACEUTICALS USA INC\n', datetime.date(1982, 1, 1), 'DISCN'], ['PFIZER LABORATORIES DIV PFIZER INC\n', datetime.date(1982, 1, 1), 'DISCN'], ['APOTHECON INC DIV BRISTOL MYERS SQUIBB\n', datetime.date(1982, 1, 1), 'DISCN'], ['APOTHECON INC DIV BRISTOL MYERS SQUIBB\n', datetime.date(1982, 1, 1), 'DISCN'], ['APOTHECON SUB BRISTOL MYERS SQUIBB CO\n', datetime.date(1982, 1, 1), 'DISCN'], ['APOTHECON SUB BRISTOL MYERS SQUIBB CO\n', datetime.date(1982, 1, 1), 'DISCN'], ['GLAXOSMITHKLINE\n', datetime.date(1982, 1, 1), 'DISCN'], ['GLAXOSMITHKLINE\n', datetime.date(1982, 1, 1), 'DISCN']]"
['ampicillin/ampicillin trihydrate'],FOR SUSPENSION;ORAL,polycillin,EQ 500MG BASE/5ML,1982-01-01,DISCN,N,"BRISTOL LABORATORIES INC DIV BRISTOL MYERS CO
",,,,,[]
['azithromycin'],FOR SUSPENSION;ORAL,zithromax,EQ 1GM BASE/PACKET,1994-09-28,RX,N,"PFIZER CENTRAL RESEARCH
",,,,,[]
['azithromycin'],FOR SUSPENSION;ORAL,zithromax,EQ 100MG BASE/5ML,1995-10-19,RX,N,"PFIZER CHEMICALS DIV PFIZER INC
",,,,,"[['AMNEAL PHARMACEUTICALS LLC\n', datetime.date(2018, 7, 19), 'RX'], ['AUROBINDO PHARMA LTD\n', datetime.date(2018, 10, 9), 'RX'], ['EPIC PHARMA LLC\n', datetime.date(2018, 4, 9), 'RX'], ['LUPIN LTD\n', datetime.date(2015, 5, 15), 'DISCN'], ['PLIVA INC\n', datetime.date(2006, 7, 5), 'RX'], ['SANDOZ INC\n', datetime.date(2006, 9, 18), 'DISCN'], ['TEVA PHARMACEUTICALS USA\n', datetime.date(2008, 6, 24), 'RX'], ['ZYDUS WORLDWIDE DMCC\n', datetime.date(2018, 7, 31), 'RX']]"
['azithromycin'],FOR SUSPENSION;ORAL,zithromax,EQ 200MG BASE/5ML,1995-10-19,RX,N,"PFIZER CHEMICALS DIV PFIZER INC
",,,,,"[['AMNEAL PHARMACEUTICALS LLC\n', datetime.date(2018, 7, 19), 'RX'], ['AUROBINDO PHARMA LTD\n', datetime.date(2018, 10, 9), 'RX'], ['EPIC PHARMA LLC\n', datetime.date(2018, 4, 9), 'RX'], ['LUPIN LTD\n', datetime.date(2015, 5, 15), 'DISCN'], ['PLIVA INC\n', datetime.date(2006, 7, 5), 'RX'], ['SANDOZ INC\n', datetime.date(2006, 9, 18), 'DISCN'], ['TARO PHARMACEUTICAL INDUSTRIES LTD\n', datetime.date(2019, 12, 11), 'RX'], ['TEVA PHARMACEUTICALS USA\n', datetime.date(2008, 6, 24), 'RX'], ['ZYDUS WORLDWIDE DMCC\n', datetime.date(2018, 7, 31), 'RX']]"
['acyclovir sodium'],INJECTABLE;INJECTION,acyclovir,EQ 50MG BASE/ML,1999-07-26,DISCN,A,"ABBVIE INC
",,,,,[]
['acyclovir sodium'],INJECTABLE;INJECTION,acyclovir sodium,EQ 50MG BASE/ML,2013-10-11,RX,A,"AUROBINDO PHARMA LTD
",,,,,[]
['acyclovir sodium'],INJECTABLE;INJECTION,acyclovir sodium,EQ 50MG BASE/ML,1998-05-13,RX,A,"FRESENIUS KABI USA LLC
",,,,,[]
['acyclovir sodium'],INJECTABLE;INJECTION,acyclovir sodium,EQ 25MG BASE/ML,1997-04-22,DISCN,A,"HOSPIRA WORLDWIDE, INC
",,,,,[]
['acyclovir sodium'],INJECTABLE;INJECTION,acyclovir sodium,EQ 50MG BASE/ML,1999-02-25,DISCN,A,"HOSPIRA WORLDWIDE, INC
",,,,,[]
['acyclovir sodium'],INJECTABLE;INJECTION,acyclovir sodium,EQ 50MG BASE/ML,2001-03-28,DISCN,A,"TEVA PARENTERAL MEDICINES INC
",,,,,[]
['amikacin sulfate'],INJECTABLE;INJECTION,amikacin sulfate,EQ 62.5MG BASE/ML,1994-10-31,DISCN,A,"HOSPIRA INC
",,,,,[]
['amikacin sulfate'],INJECTABLE;INJECTION,amikacin sulfate in sodium chloride 0.9% in plastic container,EQ 500MG BASE/100ML,1997-04-02,DISCN,A,"HOSPIRA WORLDWIDE, INC
",,,,,[]
['amikacin sulfate'],INJECTABLE;INJECTION,amikin,EQ 50MG BASE/ML,1982-01-01,DISCN,N,"APOTHECON INC DIV BRISTOL MYERS SQUIBB
",,,,,"[['FRESENIUS KABI USA LLC\n', datetime.date(2015, 12, 9), 'RX'], ['HOSPIRA INC\n', datetime.date(1994, 11, 30), 'DISCN'], ['HOSPIRA INC\n', datetime.date(1993, 7, 30), 'DISCN'], ['IGI LABORATORIES INC\n', datetime.date(1995, 12, 14), 'DISCN'], ['TEVA PHARMACEUTICALS USA\n', datetime.date(1993, 9, 28), 'DISCN'], ['WEST-WARD PHARMACEUTICALS INTERNATIONAL LTD\n', datetime.date(1992, 5, 18), 'DISCN'], ['WEST-WARD PHARMACEUTICALS INTERNATIONAL LTD\n', datetime.date(1994, 4, 11), 'RX'], ['APOTHECON INC DIV BRISTOL MYERS SQUIBB\n', datetime.date(1982, 1, 1), 'DISCN'], ['APOTHECON INC DIV BRISTOL MYERS SQUIBB\n', datetime.date(1984, 9, 20), 'DISCN']]"
['amikacin sulfate'],INJECTABLE;INJECTION,amikin,EQ 250MG BASE/ML,1982-01-01,DISCN,N,"APOTHECON INC DIV BRISTOL MYERS SQUIBB
",,,,,"[['ABBOTT LABORATORIES\n', datetime.date(1994, 11, 30), 'DISCN'], ['ABBOTT LABORATORIES HOSP PRODUCTS DIV\n', datetime.date(1994, 10, 31), 'DISCN'], ['EMCURE PHARMACEUTICALS LTD\n', datetime.date(2013, 12, 12), 'RX'], ['FRESENIUS KABI USA LLC\n', datetime.date(2015, 12, 9), 'RX'], ['HOSPIRA INC\n', datetime.date(1994, 11, 30), 'DISCN'], ['HOSPIRA INC\n', datetime.date(1993, 7, 30), 'DISCN'], ['HOSPIRA INC\n', datetime.date(1995, 6, 26), 'DISCN'], ['HOSPIRA INC\n', datetime.date(1995, 6, 20), 'DISCN'], ['IGI LABORATORIES INC\n', datetime.date(1995, 12, 14), 'DISCN'], ['SAGENT PHARMACEUTICALS INC\n', datetime.date(2016, 5, 12), 'RX'], ['TEVA PHARMACEUTICALS USA\n', datetime.date(1993, 9, 28), 'RX'], ['WEST-WARD PHARMACEUTICALS INTERNATIONAL LTD\n', datetime.date(1992, 5, 18), 'DISCN'], ['WEST-WARD PHARMACEUTICALS INTERNATIONAL LTD\n', datetime.date(1994, 4, 11), 'RX'], ['APOTHECON INC DIV BRISTOL MYERS SQUIBB\n', datetime.date(1982, 1, 1), 'DISCN'], ['APOTHECON INC DIV BRISTOL MYERS SQUIBB\n', datetime.date(1984, 9, 20), 'DISCN']]"
['amikacin sulfate'],INJECTABLE;INJECTION,amikin in sodium chloride 0.9% in plastic container,EQ 5MG BASE/ML,1987-11-30,DISCN,N,"APOTHECON INC DIV BRISTOL MYERS SQUIBB
",,,,,[]
['amikacin sulfate'],INJECTABLE;INJECTION,amikin in sodium chloride 0.9% in plastic container,EQ 10MG BASE/ML,1987-11-30,DISCN,N,"APOTHECON INC DIV BRISTOL MYERS SQUIBB
",,,,,[]
['ampicillin sodium'],INJECTABLE;INJECTION,ampicillin sodium,EQ 10GM BASE/VIAL,2013-04-03,RX,A,"ACS DOBFAR SPA
",,,,,[]
['ampicillin sodium'],INJECTABLE;INJECTION,ampicillin sodium,EQ 10GM BASE/VIAL,2010-08-17,RX,A,"AUROBINDO PHARMA LTD
",,,,,[]
['ampicillin sodium'],INJECTABLE;INJECTION,ampicillin sodium,EQ 10GM BASE/VIAL,1993-04-15,RX,A,"GC HANFORD MANUFACTURING CO
",,,,,[]
['ampicillin sodium'],INJECTABLE;INJECTION,ampicillin sodium,EQ 10GM BASE/VIAL,2015-09-04,DISCN,A,"HOSPIRA INC
",,,,,[]
['ampicillin sodium'],INJECTABLE;INJECTION,ampicillin sodium,EQ 10GM BASE/VIAL,2013-12-20,RX,A,"ISTITUTO BIOCHIMICO ITALIANO SPA
",,,,,[]
['ampicillin sodium'],INJECTABLE;INJECTION,ampicillin sodium,EQ 10GM BASE/VIAL,2014-04-07,RX,A,"MYLAN LABORATORIES LTD
",,,,,[]
['ampicillin sodium'],INJECTABLE;INJECTION,ampicillin sodium,EQ 10GM BASE/VIAL,2015-10-20,RX,A,"SAGENT PHARMACEUTICALS INC
",,,,,[]
['ampicillin sodium'],INJECTABLE;INJECTION,ampicillin sodium,EQ 10GM BASE/VIAL,1982-01-01,RX,A,"SANDOZ INC
",,,,,[]
['ampicillin sodium'],INJECTABLE;INJECTION,ampicillin sodium,EQ 10GM BASE/VIAL,1988-09-15,DISCN,A,"WATSON LABORATORIES INC
",,,,,[]
['ampicillin sodium'],INJECTABLE;INJECTION,ampicillin sodium,EQ 10GM BASE/VIAL,1986-06-24,DISCN,A,"WEST-WARD PHARMACEUTICALS INTERNATIONAL LTD
",,,,,[]
['azithromycin'],INJECTABLE;INJECTION,azithromycin,EQ 2.5GM BASE/VIAL,2006-12-19,DISCN,N,"TEVA PARENTERAL MEDICINES INC
",,,,,[]
['azithromycin'],INJECTABLE;INJECTION,azithromycin,EQ 500MG BASE/VIAL,2006-12-19,DISCN,N,"TEVA PARENTERAL MEDICINES INC
",,,,,"[['AUROBINDO PHARMA LTD\n', datetime.date(2015, 6, 19), 'RX'], ['FRESENIUS KABI USA LLC\n', datetime.date(2005, 12, 13), 'RX'], ['GLAND PHARMA LTD\n', datetime.date(2009, 11, 9), 'RX'], ['HAINAN POLY PHARMACEUTICAL CO LTD\n', datetime.date(2018, 10, 9), 'RX'], ['HIKMA PHARMACEUTICALS USA INC\n', datetime.date(2007, 1, 18), 'DISCN'], ['HOSPIRA INC\n', datetime.date(2009, 6, 26), 'RX'], ['HOSPIRA INC\n', datetime.date(2009, 6, 26), 'RX'], ['MYLAN ASI LLC\n', datetime.date(2009, 3, 24), 'RX'], ['MYLAN LABORATORIES LTD\n', datetime.date(2017, 1, 26), 'DISCN'], ['SUN PHARMACEUTICAL INDUSTRIES LTD\n', datetime.date(2013, 4, 2), 'RX']]"
['ampicillin sodium'],INJECTABLE;INJECTION,penbritin-s,EQ 1GM BASE/VIAL,1982-01-01,DISCN,N,"WYETH AYERST LABORATORIES
",,,,,"[['ACS DOBFAR SPA\n', datetime.date(2013, 4, 3), 'DISCN'], ['ANTIBIOTICE SA\n', datetime.date(2009, 12, 28), 'RX'], ['APOTHECON INC DIV BRISTOL MYERS SQUIBB\n', datetime.date(1988, 2, 5), 'DISCN'], ['AUROBINDO PHARMA LTD\n', datetime.date(2010, 8, 17), 'RX'], ['CONSOLIDATED PHARMACEUTICAL GROUP INC\n', datetime.date(1982, 1, 1), 'DISCN'], ['GC HANFORD MANUFACTURING CO\n', datetime.date(1993, 4, 15), 'RX'], ['GC HANFORD MANUFACTURING CO\n', datetime.date(1993, 4, 15), 'DISCN'], ['HOSPIRA INC\n', datetime.date(2015, 9, 4), 'DISCN'], ['INTERNATIONAL MEDICATION SYSTEMS LTD\n', datetime.date(1987, 1, 9), 'DISCN'], ['ISTITUTO BIOCHIMICO ITALIANO SPA\n', datetime.date(1987, 5, 12), 'RX'], ['ELI LILLY AND CO\n', datetime.date(1985, 4, 4), 'DISCN'], ['MYLAN LABORATORIES LTD\n', datetime.date(2014, 4, 9), 'RX'], ['SAGENT PHARMACEUTICALS INC\n', datetime.date(2015, 11, 27), 'RX'], ['SANDOZ INC\n', datetime.date(1982, 1, 1), 'RX'], ['WATSON LABORATORIES INC\n', datetime.date(1988, 10, 24), 'DISCN'], ['WEST-WARD PHARMACEUTICALS INTERNATIONAL LTD\n', datetime.date(1986, 6, 24), 'DISCN'], ['WYETH AYERST LABORATORIES\n', datetime.date(1982, 1, 1), 'DISCN'], ['WYETH AYERST LABORATORIES\n', datetime.date(1986, 12, 16), 'DISCN'], ['GLAXOSMITHKLINE\n', datetime.date(1982, 1, 1), 'DISCN'], ['GLAXOSMITHKLINE\n', datetime.date(1986, 12, 19), 'DISCN']]"
['ampicillin sodium'],INJECTABLE;INJECTION,penbritin-s,EQ 2GM BASE/VIAL,1982-01-01,DISCN,N,"WYETH AYERST LABORATORIES
",,,,,"[['ACS DOBFAR SPA\n', datetime.date(2013, 4, 3), 'DISCN'], ['ANTIBIOTICE SA\n', datetime.date(2009, 12, 28), 'RX'], ['APOTHECON INC DIV BRISTOL MYERS SQUIBB\n', datetime.date(1988, 2, 5), 'DISCN'], ['AUROBINDO PHARMA LTD\n', datetime.date(2010, 8, 17), 'RX'], ['CONSOLIDATED PHARMACEUTICAL GROUP INC\n', datetime.date(1982, 1, 1), 'DISCN'], ['GC HANFORD MANUFACTURING CO\n', datetime.date(1993, 4, 15), 'RX'], ['GC HANFORD MANUFACTURING CO\n', datetime.date(1993, 4, 15), 'DISCN'], ['HOSPIRA INC\n', datetime.date(2015, 9, 4), 'DISCN'], ['INTERNATIONAL MEDICATION SYSTEMS LTD\n', datetime.date(1987, 1, 9), 'DISCN'], ['ISTITUTO BIOCHIMICO ITALIANO SPA\n', datetime.date(1993, 7, 12), 'RX'], ['ELI LILLY AND CO\n', datetime.date(1986, 6, 24), 'DISCN'], ['MYLAN LABORATORIES LTD\n', datetime.date(2014, 4, 9), 'RX'], ['SAGENT PHARMACEUTICALS INC\n', datetime.date(2015, 11, 27), 'RX'], ['SANDOZ INC\n', datetime.date(1982, 1, 1), 'RX'], ['WATSON LABORATORIES INC\n', datetime.date(1988, 10, 24), 'DISCN'], ['WEST-WARD PHARMACEUTICALS INTERNATIONAL LTD\n', datetime.date(1986, 6, 24), 'DISCN'], ['WYETH AYERST LABORATORIES\n', datetime.date(1982, 1, 1), 'DISCN'], ['WYETH AYERST LABORATORIES\n', datetime.date(1986, 12, 16), 'DISCN'], ['GLAXOSMITHKLINE\n', datetime.date(1982, 1, 1), 'DISCN'], ['GLAXOSMITHKLINE\n', datetime.date(1986, 12, 19), 'DISCN']]"
['ampicillin sodium'],INJECTABLE;INJECTION,penbritin-s,EQ 4GM BASE/VIAL,1982-01-01,DISCN,N,"WYETH AYERST LABORATORIES
",,,,,[]
['ampicillin sodium'],INJECTABLE;INJECTION,penbritin-s,EQ 125MG BASE/VIAL,1982-01-01,DISCN,N,"WYETH AYERST LABORATORIES
",,,,,"[['APOTHECON INC DIV BRISTOL MYERS SQUIBB\n', datetime.date(1988, 2, 5), 'DISCN'], ['AUROBINDO PHARMA LTD\n', datetime.date(2010, 8, 17), 'DISCN'], ['CONSOLIDATED PHARMACEUTICAL GROUP INC\n', datetime.date(1982, 1, 1), 'DISCN'], ['GC HANFORD MANUFACTURING CO\n', datetime.date(1993, 4, 15), 'DISCN'], ['ISTITUTO BIOCHIMICO ITALIANO SPA\n', datetime.date(1993, 7, 12), 'DISCN'], ['SAGENT PHARMACEUTICALS INC\n', datetime.date(2015, 11, 27), 'RX'], ['SANDOZ INC\n', datetime.date(1982, 1, 1), 'RX'], ['WATSON LABORATORIES INC\n', datetime.date(1988, 10, 24), 'DISCN'], ['WEST-WARD PHARMACEUTICALS INTERNATIONAL LTD\n', datetime.date(1986, 6, 24), 'DISCN'], ['WYETH AYERST LABORATORIES\n', datetime.date(1982, 1, 1), 'DISCN'], ['WYETH AYERST LABORATORIES\n', datetime.date(1986, 12, 16), 'DISCN'], ['GLAXOSMITHKLINE\n', datetime.date(1982, 1, 1), 'DISCN']]"
['ampicillin sodium'],INJECTABLE;INJECTION,penbritin-s,EQ 250MG BASE/VIAL,1982-01-01,DISCN,N,"WYETH AYERST LABORATORIES
",,,,,"[['ANTIBIOTICE SA\n', datetime.date(2009, 12, 28), 'RX'], ['APOTHECON INC DIV BRISTOL MYERS SQUIBB\n', datetime.date(1988, 2, 5), 'DISCN'], ['AUROBINDO PHARMA LTD\n', datetime.date(2010, 8, 17), 'RX'], ['CONSOLIDATED PHARMACEUTICAL GROUP INC\n', datetime.date(1982, 1, 1), 'DISCN'], ['GC HANFORD MANUFACTURING CO\n', datetime.date(1993, 4, 15), 'RX'], ['HOSPIRA INC\n', datetime.date(2015, 9, 4), 'DISCN'], ['ISTITUTO BIOCHIMICO ITALIANO SPA\n', datetime.date(1987, 5, 12), 'RX'], ['MYLAN LABORATORIES LTD\n', datetime.date(2014, 4, 9), 'RX'], ['SAGENT PHARMACEUTICALS INC\n', datetime.date(2015, 11, 27), 'RX'], ['SANDOZ INC\n', datetime.date(1982, 1, 1), 'RX'], ['WATSON LABORATORIES INC\n', datetime.date(1988, 10, 24), 'DISCN'], ['WEST-WARD PHARMACEUTICALS INTERNATIONAL LTD\n', datetime.date(1986, 6, 24), 'DISCN'], ['WYETH AYERST LABORATORIES\n', datetime.date(1982, 1, 1), 'DISCN'], ['WYETH AYERST LABORATORIES\n', datetime.date(1986, 12, 16), 'DISCN'], ['GLAXOSMITHKLINE\n', datetime.date(1982, 1, 1), 'DISCN']]"
['ampicillin sodium'],INJECTABLE;INJECTION,penbritin-s,EQ 500MG BASE/VIAL,1982-01-01,DISCN,N,"WYETH AYERST LABORATORIES
",,,,,"[['ACS DOBFAR SPA\n', datetime.date(2013, 4, 3), 'DISCN'], ['ANTIBIOTICE SA\n', datetime.date(2009, 12, 28), 'RX'], ['APOTHECON INC DIV BRISTOL MYERS SQUIBB\n', datetime.date(1988, 2, 5), 'DISCN'], ['AUROBINDO PHARMA LTD\n', datetime.date(2010, 8, 17), 'RX'], ['CONSOLIDATED PHARMACEUTICAL GROUP INC\n', datetime.date(1982, 1, 1), 'DISCN'], ['GC HANFORD MANUFACTURING CO\n', datetime.date(1993, 4, 15), 'RX'], ['GC HANFORD MANUFACTURING CO\n', datetime.date(1993, 4, 15), 'DISCN'], ['HOSPIRA INC\n', datetime.date(2015, 9, 4), 'DISCN'], ['ISTITUTO BIOCHIMICO ITALIANO SPA\n', datetime.date(1987, 5, 12), 'RX'], ['ELI LILLY AND CO\n', datetime.date(1985, 4, 4), 'DISCN'], ['MYLAN LABORATORIES LTD\n', datetime.date(2014, 4, 9), 'RX'], ['SAGENT PHARMACEUTICALS INC\n', datetime.date(2015, 11, 27), 'RX'], ['SANDOZ INC\n', datetime.date(1982, 1, 1), 'RX'], ['WATSON LABORATORIES INC\n', datetime.date(1988, 10, 24), 'DISCN'], ['WEST-WARD PHARMACEUTICALS INTERNATIONAL LTD\n', datetime.date(1986, 6, 24), 'DISCN'], ['WYETH AYERST LABORATORIES\n', datetime.date(1982, 1, 1), 'DISCN'], ['WYETH AYERST LABORATORIES\n', datetime.date(1986, 12, 16), 'DISCN'], ['GLAXOSMITHKLINE\n', datetime.date(1982, 1, 1), 'DISCN']]"
['ampicillin sodium'],INJECTABLE;INJECTION,polycillin-n,EQ 1GM BASE/VIAL,1982-01-01,DISCN,N,"BRISTOL LABORATORIES INC DIV BRISTOL MYERS CO
",,,,,"[['ACS DOBFAR SPA\n', datetime.date(2013, 4, 3), 'DISCN'], ['ANTIBIOTICE SA\n', datetime.date(2009, 12, 28), 'RX'], ['APOTHECON INC DIV BRISTOL MYERS SQUIBB\n', datetime.date(1988, 2, 5), 'DISCN'], ['AUROBINDO PHARMA LTD\n', datetime.date(2010, 8, 17), 'RX'], ['CONSOLIDATED PHARMACEUTICAL GROUP INC\n', datetime.date(1982, 1, 1), 'DISCN'], ['GC HANFORD MANUFACTURING CO\n', datetime.date(1993, 4, 15), 'RX'], ['GC HANFORD MANUFACTURING CO\n', datetime.date(1993, 4, 15), 'DISCN'], ['HOSPIRA INC\n', datetime.date(2015, 9, 4), 'DISCN'], ['INTERNATIONAL MEDICATION SYSTEMS LTD\n', datetime.date(1987, 1, 9), 'DISCN'], ['ISTITUTO BIOCHIMICO ITALIANO SPA\n', datetime.date(1987, 5, 12), 'RX'], ['ELI LILLY AND CO\n', datetime.date(1985, 4, 4), 'DISCN'], ['MYLAN LABORATORIES LTD\n', datetime.date(2014, 4, 9), 'RX'], ['SAGENT PHARMACEUTICALS INC\n', datetime.date(2015, 11, 27), 'RX'], ['SANDOZ INC\n', datetime.date(1982, 1, 1), 'RX'], ['WATSON LABORATORIES INC\n', datetime.date(1988, 10, 24), 'DISCN'], ['WEST-WARD PHARMACEUTICALS INTERNATIONAL LTD\n', datetime.date(1986, 6, 24), 'DISCN'], ['WYETH AYERST LABORATORIES\n', datetime.date(1982, 1, 1), 'DISCN'], ['WYETH AYERST LABORATORIES\n', datetime.date(1986, 12, 16), 'DISCN'], ['GLAXOSMITHKLINE\n', datetime.date(1982, 1, 1), 'DISCN'], ['GLAXOSMITHKLINE\n', datetime.date(1986, 12, 19), 'DISCN']]"
['ampicillin sodium'],INJECTABLE;INJECTION,polycillin-n,EQ 2GM BASE/VIAL,1982-01-01,DISCN,N,"BRISTOL LABORATORIES INC DIV BRISTOL MYERS CO
",,,,,"[['ACS DOBFAR SPA\n', datetime.date(2013, 4, 3), 'DISCN'], ['ANTIBIOTICE SA\n', datetime.date(2009, 12, 28), 'RX'], ['APOTHECON INC DIV BRISTOL MYERS SQUIBB\n', datetime.date(1988, 2, 5), 'DISCN'], ['AUROBINDO PHARMA LTD\n', datetime.date(2010, 8, 17), 'RX'], ['CONSOLIDATED PHARMACEUTICAL GROUP INC\n', datetime.date(1982, 1, 1), 'DISCN'], ['GC HANFORD MANUFACTURING CO\n', datetime.date(1993, 4, 15), 'RX'], ['GC HANFORD MANUFACTURING CO\n', datetime.date(1993, 4, 15), 'DISCN'], ['HOSPIRA INC\n', datetime.date(2015, 9, 4), 'DISCN'], ['INTERNATIONAL MEDICATION SYSTEMS LTD\n', datetime.date(1987, 1, 9), 'DISCN'], ['ISTITUTO BIOCHIMICO ITALIANO SPA\n', datetime.date(1993, 7, 12), 'RX'], ['ELI LILLY AND CO\n', datetime.date(1986, 6, 24), 'DISCN'], ['MYLAN LABORATORIES LTD\n', datetime.date(2014, 4, 9), 'RX'], ['SAGENT PHARMACEUTICALS INC\n', datetime.date(2015, 11, 27), 'RX'], ['SANDOZ INC\n', datetime.date(1982, 1, 1), 'RX'], ['WATSON LABORATORIES INC\n', datetime.date(1988, 10, 24), 'DISCN'], ['WEST-WARD PHARMACEUTICALS INTERNATIONAL LTD\n', datetime.date(1986, 6, 24), 'DISCN'], ['WYETH AYERST LABORATORIES\n', datetime.date(1982, 1, 1), 'DISCN'], ['WYETH AYERST LABORATORIES\n', datetime.date(1986, 12, 16), 'DISCN'], ['GLAXOSMITHKLINE\n', datetime.date(1982, 1, 1), 'DISCN'], ['GLAXOSMITHKLINE\n', datetime.date(1986, 12, 19), 'DISCN']]"
['ampicillin sodium'],INJECTABLE;INJECTION,polycillin-n,EQ 125MG BASE/VIAL,1982-01-01,DISCN,N,"BRISTOL LABORATORIES INC DIV BRISTOL MYERS CO
",,,,,"[['APOTHECON INC DIV BRISTOL MYERS SQUIBB\n', datetime.date(1988, 2, 5), 'DISCN'], ['AUROBINDO PHARMA LTD\n', datetime.date(2010, 8, 17), 'DISCN'], ['CONSOLIDATED PHARMACEUTICAL GROUP INC\n', datetime.date(1982, 1, 1), 'DISCN'], ['GC HANFORD MANUFACTURING CO\n', datetime.date(1993, 4, 15), 'DISCN'], ['ISTITUTO BIOCHIMICO ITALIANO SPA\n', datetime.date(1993, 7, 12), 'DISCN'], ['SAGENT PHARMACEUTICALS INC\n', datetime.date(2015, 11, 27), 'RX'], ['SANDOZ INC\n', datetime.date(1982, 1, 1), 'RX'], ['WATSON LABORATORIES INC\n', datetime.date(1988, 10, 24), 'DISCN'], ['WEST-WARD PHARMACEUTICALS INTERNATIONAL LTD\n', datetime.date(1986, 6, 24), 'DISCN'], ['WYETH AYERST LABORATORIES\n', datetime.date(1982, 1, 1), 'DISCN'], ['WYETH AYERST LABORATORIES\n', datetime.date(1986, 12, 16), 'DISCN'], ['GLAXOSMITHKLINE\n', datetime.date(1982, 1, 1), 'DISCN']]"
['ampicillin sodium'],INJECTABLE;INJECTION,polycillin-n,EQ 250MG BASE/VIAL,1982-01-01,DISCN,N,"BRISTOL LABORATORIES INC DIV BRISTOL MYERS CO
",,,,,"[['ANTIBIOTICE SA\n', datetime.date(2009, 12, 28), 'RX'], ['APOTHECON INC DIV BRISTOL MYERS SQUIBB\n', datetime.date(1988, 2, 5), 'DISCN'], ['AUROBINDO PHARMA LTD\n', datetime.date(2010, 8, 17), 'RX'], ['CONSOLIDATED PHARMACEUTICAL GROUP INC\n', datetime.date(1982, 1, 1), 'DISCN'], ['GC HANFORD MANUFACTURING CO\n', datetime.date(1993, 4, 15), 'RX'], ['HOSPIRA INC\n', datetime.date(2015, 9, 4), 'DISCN'], ['ISTITUTO BIOCHIMICO ITALIANO SPA\n', datetime.date(1987, 5, 12), 'RX'], ['MYLAN LABORATORIES LTD\n', datetime.date(2014, 4, 9), 'RX'], ['SAGENT PHARMACEUTICALS INC\n', datetime.date(2015, 11, 27), 'RX'], ['SANDOZ INC\n', datetime.date(1982, 1, 1), 'RX'], ['WATSON LABORATORIES INC\n', datetime.date(1988, 10, 24), 'DISCN'], ['WEST-WARD PHARMACEUTICALS INTERNATIONAL LTD\n', datetime.date(1986, 6, 24), 'DISCN'], ['WYETH AYERST LABORATORIES\n', datetime.date(1982, 1, 1), 'DISCN'], ['WYETH AYERST LABORATORIES\n', datetime.date(1986, 12, 16), 'DISCN'], ['GLAXOSMITHKLINE\n', datetime.date(1982, 1, 1), 'DISCN']]"
['ampicillin sodium'],INJECTABLE;INJECTION,polycillin-n,EQ 500MG BASE/VIAL,1982-01-01,DISCN,N,"BRISTOL LABORATORIES INC DIV BRISTOL MYERS CO
",,,,,"[['ACS DOBFAR SPA\n', datetime.date(2013, 4, 3), 'DISCN'], ['ANTIBIOTICE SA\n', datetime.date(2009, 12, 28), 'RX'], ['APOTHECON INC DIV BRISTOL MYERS SQUIBB\n', datetime.date(1988, 2, 5), 'DISCN'], ['AUROBINDO PHARMA LTD\n', datetime.date(2010, 8, 17), 'RX'], ['CONSOLIDATED PHARMACEUTICAL GROUP INC\n', datetime.date(1982, 1, 1), 'DISCN'], ['GC HANFORD MANUFACTURING CO\n', datetime.date(1993, 4, 15), 'RX'], ['GC HANFORD MANUFACTURING CO\n', datetime.date(1993, 4, 15), 'DISCN'], ['HOSPIRA INC\n', datetime.date(2015, 9, 4), 'DISCN'], ['ISTITUTO BIOCHIMICO ITALIANO SPA\n', datetime.date(1987, 5, 12), 'RX'], ['ELI LILLY AND CO\n', datetime.date(1985, 4, 4), 'DISCN'], ['MYLAN LABORATORIES LTD\n', datetime.date(2014, 4, 9), 'RX'], ['SAGENT PHARMACEUTICALS INC\n', datetime.date(2015, 11, 27), 'RX'], ['SANDOZ INC\n', datetime.date(1982, 1, 1), 'RX'], ['WATSON LABORATORIES INC\n', datetime.date(1988, 10, 24), 'DISCN'], ['WEST-WARD PHARMACEUTICALS INTERNATIONAL LTD\n', datetime.date(1986, 6, 24), 'DISCN'], ['WYETH AYERST LABORATORIES\n', datetime.date(1982, 1, 1), 'DISCN'], ['WYETH AYERST LABORATORIES\n', datetime.date(1986, 12, 16), 'DISCN'], ['GLAXOSMITHKLINE\n', datetime.date(1982, 1, 1), 'DISCN']]"
['ampicillin sodium'],INJECTABLE;INJECTION,totacillin-n,EQ 10GM BASE/VIAL,1982-01-01,DISCN,A,"GLAXOSMITHKLINE
",,,,,[]
['azithromycin'],INJECTABLE;INJECTION,zithromax,EQ 500MG BASE/VIAL,1997-01-30,RX,N,"PFIZER INC
",,,,,"[['AUROBINDO PHARMA LTD\n', datetime.date(2015, 6, 19), 'RX'], ['FRESENIUS KABI USA LLC\n', datetime.date(2005, 12, 13), 'RX'], ['GLAND PHARMA LTD\n', datetime.date(2009, 11, 9), 'RX'], ['HAINAN POLY PHARMACEUTICAL CO LTD\n', datetime.date(2018, 10, 9), 'RX'], ['HIKMA PHARMACEUTICALS USA INC\n', datetime.date(2007, 1, 18), 'DISCN'], ['HOSPIRA INC\n', datetime.date(2009, 6, 26), 'RX'], ['HOSPIRA INC\n', datetime.date(2009, 6, 26), 'RX'], ['MYLAN ASI LLC\n', datetime.date(2009, 3, 24), 'RX'], ['MYLAN LABORATORIES LTD\n', datetime.date(2017, 1, 26), 'DISCN'], ['SUN PHARMACEUTICAL INDUSTRIES LTD\n', datetime.date(2013, 4, 2), 'RX']]"
['acyclovir sodium'],INJECTABLE;INJECTION,zovirax,EQ 1GM BASE/VIAL,1989-06-29,DISCN,N,"GLAXOSMITHKLINE
",,,,,"[['EUROHEALTH INTERNATIONAL SARL\n', datetime.date(1997, 12, 19), 'DISCN'], ['APOTHECON INC DIV BRISTOL MYERS SQUIBB\n', datetime.date(1998, 2, 27), 'DISCN'], ['ATHENEX INC\n', datetime.date(1997, 4, 22), 'DISCN'], ['EUROHEALTH INTERNATIONAL SARL\n', datetime.date(1997, 10, 15), 'DISCN'], ['HIKMA PHARMACEUTICALS LLC\n', datetime.date(2016, 2, 29), 'DISCN'], ['HOSPIRA INC\n', datetime.date(1997, 4, 22), 'DISCN'], ['HOSPIRA INC\n', datetime.date(1997, 4, 22), 'DISCN'], ['MYLAN LABORATORIES LTD\n', datetime.date(2017, 3, 29), 'DISCN'], ['TEVA PARENTERAL MEDICINES INC\n', datetime.date(1997, 8, 26), 'DISCN'], ['ZYDUS PHARMACEUTICALS USA INC\n', datetime.date(2018, 8, 31), 'RX'], ['ZYDUS PHARMACEUTICALS USA INC\n', datetime.date(2017, 6, 13), 'DISCN']]"
['acyclovir sodium'],INJECTABLE;INJECTION,zovirax,EQ 250MG BASE/VIAL,1983-08-30,DISCN,N,"GLAXOSMITHKLINE
",,,,,[]
['acyclovir sodium'],INJECTABLE;INJECTION,zovirax,EQ 500MG BASE/VIAL,1982-10-22,DISCN,N,"GLAXOSMITHKLINE
",,,,,"[['EUROHEALTH INTERNATIONAL SARL\n', datetime.date(1997, 12, 19), 'DISCN'], ['APOTHECON INC DIV BRISTOL MYERS SQUIBB\n', datetime.date(1998, 2, 27), 'DISCN'], ['ATHENEX INC\n', datetime.date(1997, 4, 22), 'DISCN'], ['EUROHEALTH INTERNATIONAL SARL\n', datetime.date(1997, 10, 15), 'DISCN'], ['FRESENIUS KABI USA LLC\n', datetime.date(1998, 4, 30), 'DISCN'], ['HIKMA PHARMACEUTICALS LLC\n', datetime.date(2016, 2, 29), 'DISCN'], ['HOSPIRA INC\n', datetime.date(1997, 4, 22), 'DISCN'], ['HOSPIRA INC\n', datetime.date(1997, 4, 22), 'DISCN'], ['MYLAN LABORATORIES LTD\n', datetime.date(2017, 3, 29), 'DISCN'], ['TEVA PARENTERAL MEDICINES INC\n', datetime.date(1997, 8, 26), 'DISCN'], ['ZYDUS PHARMACEUTICALS USA INC\n', datetime.date(2018, 8, 31), 'RX'], ['ZYDUS PHARMACEUTICALS USA INC\n', datetime.date(2017, 6, 13), 'DISCN']]"
['acyclovir'],OINTMENT;OPHTHALMIC,avaclyr,3%,2019-03-29,DISCN,N,"FERA PHARMACEUTICALS LLC
",,,True,2026-03-29,[]
['acyclovir'],OINTMENT;TOPICAL,zovirax,5%,1982-03-29,RX,N,"BAUSCH HEALTH US LLC
",,,,,"[['ACP NIMBLE BUYER INC\n', datetime.date(2017, 11, 13), 'RX'], ['ALEMBIC PHARMACEUTICALS LTD\n', datetime.date(2018, 4, 6), 'RX'], ['AMNEAL PHARMACEUTICALS\n', datetime.date(2014, 6, 18), 'RX'], ['APOTEX INC\n', datetime.date(2019, 9, 6), 'RX'], ['CADILA HEALTHCARE LTD\n', datetime.date(2019, 3, 15), 'RX'], ['CIPLA LTD\n', datetime.date(2019, 1, 18), 'RX'], ['FOUGERA PHARMACEUTICALS INC\n', datetime.date(2016, 5, 11), 'RX'], ['GLENMARK PHARMACEUTICALS SA SWITZERLAND\n', datetime.date(2017, 7, 31), 'RX'], ['MYLAN PHARMACEUTICALS INC\n', datetime.date(2013, 4, 3), 'RX'], ['PERRIGO UK FINCO LTD PARTNERSHIP\n', datetime.date(2019, 2, 20), 'DISCN'], ['SOLARIS PHARMA CORP\n', datetime.date(2020, 4, 7), 'RX'], ['TARO PHARMACEUTICALS USA INC\n', datetime.date(2016, 12, 21), 'RX'], ['TOLMAR INC\n', datetime.date(2017, 7, 31), 'RX'], ['TORRENT PHARMACEUTICALS LTD\n', datetime.date(2019, 1, 11), 'RX'], ['XIROMED PHARMA ESPANA SL\n', datetime.date(2020, 1, 29), 'RX']]"
['ampicillin sodium'],POWDER;INTRAVENOUS,ampicillin sodium,EQ 1GM BASE/VIAL,1987-02-19,RX,A,"SANDOZ INC
",,,,,[]
['ampicillin sodium'],POWDER;INTRAVENOUS,ampicillin sodium,EQ 2GM BASE/VIAL,1987-02-19,RX,A,"SANDOZ INC
",,,,,[]
['atazanavir sulfate'],POWDER;ORAL,reyataz,EQ 50MG BASE/PACKET,2014-06-02,RX,N,"BRISTOL MYERS SQUIBB CO
",,,,,[]
['azithromycin'],SOLUTION/DROPS;OPHTHALMIC,azasite,1%,2007-04-27,RX,N,"OAK PHARMACEUTICALS INC SUBSIDIARY OF AKORN INC
",,,,,[]
['abacavir sulfate'],SOLUTION;ORAL,ziagen,EQ 20MG BASE/ML,1998-12-17,RX,N,"VIIV HEALTHCARE CO
",,,,,"[['AUROBINDO PHARMA LTD\n', datetime.date(2018, 3, 14), 'RX'], ['HETERO LABS LTD UNIT III\n', datetime.date(2016, 9, 26), 'RX']]"
['amikacin sulfate'],"SUSPENSION, LIPOSOMAL;INHALATION",arikayce kit,EQ 590MG BASE/8.4ML,2018-09-28,RX,N,"INSMED INC
",True,2035-05-15,True,2030-09-28,[]
['acyclovir'],SUSPENSION;ORAL,zovirax,200MG/5ML,1989-12-22,RX,N,"MYLAN PHARMACEUTICALS INC
",,,,,"[['ACTAVIS MID ATLANTIC LLC\n', datetime.date(1997, 4, 28), 'RX'], ['HI TECH PHARMACAL CO INC\n', datetime.date(2005, 6, 7), 'RX']]"
['albendazole'],"TABLET, CHEWABLE;ORAL",albenza,200MG,2015-06-11,DISCN,N,"AMEDRA PHARMACEUTICALS LLC
",,,,,[]
['amoxicillin'],"TABLET, CHEWABLE;ORAL",amoxil,125MG,1982-01-01,DISCN,N,"NEOPHARMA INC
",,,,,"[['APOTHECON INC DIV BRISTOL MYERS SQUIBB\n', datetime.date(1996, 5, 6), 'DISCN'], ['DAVA PHARMACEUTICALS INC\n', datetime.date(1996, 1, 29), 'DISCN'], ['SUN PHARMACEUTICAL INDUSTRIES LTD\n', datetime.date(1999, 12, 23), 'DISCN'], ['TEVA PHARMACEUTICALS USA INC\n', datetime.date(1995, 9, 11), 'RX'], ['TEVA PHARMACEUTICALS USA INC\n', datetime.date(1996, 12, 19), 'DISCN']]"
['amoxicillin'],"TABLET, CHEWABLE;ORAL",amoxil,200MG,1999-04-15,DISCN,N,"NEOPHARMA INC
",,,,,"[['SUN PHARMACEUTICAL INDUSTRIES LTD\n', datetime.date(2000, 11, 29), 'DISCN']]"
['amoxicillin'],"TABLET, CHEWABLE;ORAL",amoxil,250MG,1982-01-01,DISCN,N,"NEOPHARMA INC
",,,,,"[['APOTHECON INC DIV BRISTOL MYERS SQUIBB\n', datetime.date(1996, 5, 6), 'DISCN'], ['DAVA PHARMACEUTICALS INC\n', datetime.date(1996, 1, 29), 'DISCN'], ['SUN PHARMACEUTICAL INDUSTRIES LTD\n', datetime.date(1999, 12, 23), 'DISCN'], ['TEVA PHARMACEUTICALS USA INC\n', datetime.date(1992, 12, 22), 'RX'], ['TEVA PHARMACEUTICALS USA INC\n', datetime.date(1996, 12, 19), 'DISCN']]"
['amoxicillin'],"TABLET, CHEWABLE;ORAL",amoxil,400MG,1999-04-15,DISCN,N,"NEOPHARMA INC
",,,,,"[['SUN PHARMACEUTICAL INDUSTRIES LTD\n', datetime.date(2000, 11, 29), 'DISCN']]"
"['amoxicillin', 'clavulanate potassium']","TABLET, CHEWABLE;ORAL",augmentin '125',125MG;EQ 31.25MG BASE,1985-07-22,DISCN,N,"NEOPHARMA INC
",,,,,[]
"['amoxicillin', 'clavulanate potassium']","TABLET, CHEWABLE;ORAL",augmentin '200',200MG;EQ 28.5MG BASE,1996-05-31,DISCN,N,"NEOPHARMA INC
",,,,,"[['SANDOZ INC\n', datetime.date(2002, 4, 18), 'DISCN'], ['SUN PHARMACEUTICAL INDUSTRIES LTD\n', datetime.date(2003, 12, 3), 'DISCN'], ['TEVA PHARMACEUTICALS USA INC\n', datetime.date(2005, 2, 9), 'RX']]"
"['amoxicillin', 'clavulanate potassium']","TABLET, CHEWABLE;ORAL",augmentin '250',250MG;EQ 62.5MG BASE,1985-07-22,DISCN,N,"NEOPHARMA INC
",,,,,[]
"['amoxicillin', 'clavulanate potassium']","TABLET, CHEWABLE;ORAL",augmentin '400',400MG;EQ 57MG BASE,1996-05-31,DISCN,N,"NEOPHARMA INC
",,,,,"[['SANDOZ INC\n', datetime.date(2002, 4, 18), 'DISCN'], ['SUN PHARMACEUTICAL INDUSTRIES LTD\n', datetime.date(2003, 12, 3), 'DISCN'], ['TEVA PHARMACEUTICALS USA INC\n', datetime.date(2005, 2, 9), 'RX']]"
['ampicillin/ampicillin trihydrate'],"TABLET, CHEWABLE;ORAL",polycillin,EQ 125MG BASE,1982-01-01,DISCN,N,"BRISTOL LABORATORIES INC DIV BRISTOL MYERS CO
",,,,,[]
"['amoxicillin', 'clavulanate potassium']","TABLET, EXTENDED RELEASE;ORAL",amoxicillin and clavulanate potassium,1GM;EQ 62.5MG BASE,2010-04-21,RX,A,"SANDOZ INC
",,,,,[]
"['amoxicillin', 'clavulanate potassium']","TABLET, EXTENDED RELEASE;ORAL",augmentin xr,1GM;EQ 62.5MG BASE,2002-09-25,RX,N,"NEOPHARMA INC
",True,2020-04-04,,,[]
['amoxicillin'],"TABLET, EXTENDED RELEASE;ORAL",moxatag,775MG,2008-01-23,DISCN,N,"PRAGMA PHARMACEUTICALS LLC
",True,2027-05-07,,,[]
['amoxicillin'],"TABLET, FOR SUSPENSION;ORAL",amoxicillin,200MG,2007-01-17,DISCN,A,"AUROBINDO PHARMA LTD
",,,,,[]
['amoxicillin'],"TABLET, FOR SUSPENSION;ORAL",amoxicillin,400MG,2007-01-17,DISCN,A,"AUROBINDO PHARMA LTD
",,,,,[]
['amoxicillin'],"TABLET, FOR SUSPENSION;ORAL",dispermox,200MG,2003-08-11,DISCN,A,"RANBAXY LABORATORIES LTD
",,,,,[]
['amoxicillin'],"TABLET, FOR SUSPENSION;ORAL",dispermox,400MG,2003-08-11,DISCN,A,"RANBAXY LABORATORIES LTD
",,,,,[]
['amoxicillin'],"TABLET, FOR SUSPENSION;ORAL",dispermox,600MG,2003-12-04,DISCN,A,"RANBAXY LABORATORIES LTD
",,,,,[]
['acyclovir'],TABLET;BUCCAL,sitavig,50MG,2013-04-12,RX,N,"EPI HEALTH LLC
",True,2030-06-16,,,[]
['acyclovir'],TABLET;ORAL,acyclovir,200MG,1997-04-22,DISCN,A,"TEVA PHARMACEUTICALS USA INC
",,,,,[]
['albendazole'],TABLET;ORAL,albenza,200MG,1996-06-11,RX,N,"IMPAX LABORATORIES INC
",,,,,"[['ACTAVIS ELIZABETH LLC\n', datetime.date(2019, 5, 20), 'RX'], ['CIPLA LTD\n', datetime.date(2018, 9, 21), 'RX'], ['EDENBRIDGE PHARMACEUTICALS LLC\n', datetime.date(2019, 5, 14), 'RX'], ['STRIDES PHARMA GLOBAL PTE LTD\n', datetime.date(2018, 12, 7), 'RX'], ['ZYDUS PHARMACEUTICALS USA INC\n', datetime.date(2018, 12, 14), 'RX']]"
['amoxicillin'],TABLET;ORAL,amoxil,500MG,1998-07-10,DISCN,N,"NEOPHARMA INC
",,,,,"[['AUROBINDO PHARMA LTD\n', datetime.date(2005, 11, 9), 'RX'], ['SANDOZ INC\n', datetime.date(2005, 7, 13), 'RX'], ['SUN PHARMACEUTICAL INDUSTRIES LTD\n', datetime.date(2000, 11, 24), 'DISCN'], ['TEVA PHARMACEUTICALS USA INC\n', datetime.date(2000, 9, 18), 'RX']]"
['amoxicillin'],TABLET;ORAL,amoxil,875MG,1998-07-10,DISCN,N,"NEOPHARMA INC
",,,,,"[['AUROBINDO PHARMA LTD\n', datetime.date(2005, 11, 9), 'RX'], ['DAVA PHARMACEUTICALS INC\n', datetime.date(2009, 1, 15), 'DISCN'], ['HIKMA PHARMACEUTICALS\n', datetime.date(2006, 3, 29), 'RX'], ['SANDOZ INC\n', datetime.date(2005, 7, 13), 'RX'], ['SUN PHARMACEUTICAL INDUSTRIES LTD\n', datetime.date(2000, 11, 24), 'DISCN'], ['TEVA PHARMACEUTICALS USA INC\n', datetime.date(2000, 9, 18), 'RX']]"
"['amoxicillin', 'clavulanate potassium']",TABLET;ORAL,augmentin '250',250MG;EQ 125MG BASE,1984-08-06,DISCN,N,"NEOPHARMA INC
",,,,,"[['APOTEX INC\n', datetime.date(2009, 2, 24), 'DISCN'], ['AUROBINDO PHARMA LTD\n', datetime.date(2012, 1, 20), 'RX'], ['MICRO LABS LTD INDIA\n', datetime.date(2016, 12, 30), 'RX'], ['SANDOZ INC\n', datetime.date(2005, 8, 23), 'RX']]"
"['amoxicillin', 'clavulanate potassium']",TABLET;ORAL,augmentin '500',500MG;EQ 125MG BASE,1984-08-06,DISCN,N,"NEOPHARMA INC
",,,,,"[['APOTEX INC\n', datetime.date(2009, 2, 24), 'DISCN'], ['AUROBINDO PHARMA LTD\n', datetime.date(2012, 1, 20), 'RX'], ['MICRO LABS LTD INDIA\n', datetime.date(2016, 12, 30), 'RX'], ['SANDOZ INC\n', datetime.date(2002, 3, 15), 'RX'], ['SANDOZ INC\n', datetime.date(2002, 11, 27), 'RX'], ['SUN PHARMACEUTICAL INDUSTRIES LTD\n', datetime.date(2002, 11, 4), 'DISCN'], ['TEVA PHARMACEUTICALS USA INC\n', datetime.date(2002, 10, 30), 'RX']]"
"['amoxicillin', 'clavulanate potassium']",TABLET;ORAL,augmentin '875',875MG;EQ 125MG BASE,1996-02-13,RX,N,"NEOPHARMA INC
",,,,,"[['APOTEX INC\n', datetime.date(2008, 10, 20), 'DISCN'], ['AUROBINDO PHARMA LTD\n', datetime.date(2012, 1, 20), 'RX'], ['HIKMA PHARMACEUTICALS\n', datetime.date(2016, 8, 23), 'RX'], ['MICRO LABS LTD INDIA\n', datetime.date(2016, 12, 30), 'RX'], ['SANDOZ INC\n', datetime.date(2002, 3, 14), 'RX'], ['SANDOZ INC\n', datetime.date(2002, 11, 21), 'RX'], ['SUN PHARMACEUTICAL INDUSTRIES LTD\n', datetime.date(2002, 9, 17), 'DISCN'], ['TEVA PHARMACEUTICALS USA INC\n', datetime.date(2002, 10, 29), 'RX']]"
['amodiaquine hydrochloride'],TABLET;ORAL,camoquin hydrochloride,EQ 200MG BASE,1982-01-01,DISCN,N,"PARKE DAVIS DIV WARNER LAMBERT CO
",,,,,[]
"['artemether', 'lumefantrine']",TABLET;ORAL,coartem,20MG;120MG,2009-04-07,RX,N,"NOVARTIS PHARMACEUTICALS CORP
",,,,,[]
"['abacavir sulfate', 'lamivudine']",TABLET;ORAL,epzicom,EQ 600MG BASE;300MG,2004-08-02,RX,N,"VIIV HEALTHCARE CO
",,,,,"[['AUROBINDO PHARMA LTD\n', datetime.date(2018, 11, 15), 'RX'], ['AUROBINDO PHARMA LTD\n', datetime.date(2017, 3, 28), 'RX'], ['CIPLA LTD\n', datetime.date(2017, 3, 28), 'RX'], ['LUPIN LTD\n', datetime.date(2017, 3, 28), 'RX'], ['TEVA PHARMACEUTICALS USA\n', datetime.date(2016, 9, 29), 'RX'], ['ZYDUS PHARMACEUTICALS USA INC\n', datetime.date(2018, 11, 15), 'DISCN']]"
['abacavir sulfate'],TABLET;ORAL,ziagen,EQ 300MG BASE,1998-12-17,RX,N,"VIIV HEALTHCARE CO
",,,,,"[['APOTEX INC\n', datetime.date(2012, 12, 17), 'RX'], ['AUROBINDO PHARMA LTD\n', datetime.date(2012, 12, 17), 'RX'], ['CIPLA LTD\n', datetime.date(2017, 11, 21), 'RX'], ['HETERO LABS LTD UNIT III\n', datetime.date(2013, 9, 13), 'RX'], ['MYLAN PHARMACEUTICALS INC\n', datetime.date(2012, 6, 18), 'RX'], ['STRIDES PHARMA GLOBAL PTE LTD\n', datetime.date(2016, 10, 28), 'RX']]"
['azithromycin'],TABLET;ORAL,zithromax,EQ 250MG BASE,1996-07-18,RX,N,"PFIZER INC
",,,,,"[['ALEMBIC PHARMACEUTICALS LTD\n', datetime.date(2020, 1, 28), 'RX'], ['APOTEX CORP\n', datetime.date(2011, 7, 13), 'DISCN'], ['AUROBINDO PHARMA LTD\n', datetime.date(2018, 7, 5), 'RX'], ['BIONPHARMA INC\n', datetime.date(2019, 2, 26), 'RX'], ['CSPC OUYI PHARMACEUTICAL CO LTD\n', datetime.date(2019, 4, 17), 'RX'], ['LUPIN LTD\n', datetime.date(2015, 5, 15), 'RX'], ['MYLAN PHARMACEUTICALS INC\n', datetime.date(2007, 5, 30), 'DISCN'], ['PLIVA INC\n', datetime.date(2005, 11, 14), 'RX'], ['SANDOZ INC\n', datetime.date(2005, 11, 14), 'RX'], ['SUNSHINE LAKE PHARMA CO LTD\n', datetime.date(2018, 12, 7), 'RX'], ['TEVA PHARMACEUTICALS USA INC\n', datetime.date(2005, 11, 14), 'DISCN'], ['WOCKHARDT LTD\n', datetime.date(2008, 2, 11), 'RX']]"
['azithromycin'],TABLET;ORAL,zithromax,EQ 500MG BASE,2002-05-24,RX,N,"PFIZER INC
",,,,,"[['ALEMBIC PHARMACEUTICALS LTD\n', datetime.date(2020, 1, 28), 'RX'], ['APOTEX CORP\n', datetime.date(2011, 7, 13), 'DISCN'], ['AUROBINDO PHARMA LTD\n', datetime.date(2018, 7, 5), 'RX'], ['BIONPHARMA INC\n', datetime.date(2019, 2, 26), 'RX'], ['CSPC OUYI PHARMACEUTICAL CO LTD\n', datetime.date(2018, 10, 25), 'RX'], ['LUPIN LTD\n', datetime.date(2015, 5, 15), 'RX'], ['MYLAN PHARMACEUTICALS INC\n', datetime.date(2007, 5, 30), 'DISCN'], ['PLIVA INC\n', datetime.date(2005, 11, 14), 'RX'], ['SANDOZ INC\n', datetime.date(2005, 11, 14), 'RX'], ['SUNSHINE LAKE PHARMA CO LTD\n', datetime.date(2018, 12, 7), 'RX'], ['TEVA PHARMACEUTICALS USA INC\n', datetime.date(2005, 11, 14), 'RX'], ['WOCKHARDT LTD\n', datetime.date(2008, 2, 11), 'RX']]"
['azithromycin'],TABLET;ORAL,zithromax,EQ 600MG BASE,1996-06-12,DISCN,N,"PFIZER CENTRAL RESEARCH
",,,,,"[['ALEMBIC PHARMACEUTICALS LTD\n', datetime.date(2020, 1, 27), 'RX'], ['APOTEX CORP\n', datetime.date(2011, 7, 13), 'DISCN'], ['BIONPHARMA INC\n', datetime.date(2018, 12, 26), 'RX'], ['CSPC OUYI PHARMACEUTICAL CO LTD\n', datetime.date(2018, 9, 24), 'RX'], ['LUPIN LTD\n', datetime.date(2015, 5, 15), 'RX'], ['MYLAN PHARMACEUTICALS INC\n', datetime.date(2007, 1, 8), 'DISCN'], ['PLIVA INC\n', datetime.date(2005, 11, 14), 'RX'], ['SANDOZ INC\n', datetime.date(2005, 11, 14), 'RX'], ['SUNSHINE LAKE PHARMA CO LTD\n', datetime.date(2018, 12, 6), 'RX'], ['TEVA PHARMACEUTICALS USA INC\n', datetime.date(2005, 11, 14), 'DISCN'], ['WOCKHARDT LTD\n', datetime.date(2008, 2, 11), 'RX']]"
['acyclovir'],TABLET;ORAL,zovirax,400MG,1991-04-30,DISCN,N,"MYLAN PHARMACEUTICALS INC
",,,,,"[['ACTAVIS ELIZABETH LLC\n', datetime.date(1997, 6, 5), 'DISCN'], ['APOTEX INC ETOBICOKE SITE\n', datetime.date(2005, 9, 29), 'RX'], ['CADILA PHARMACEUTICALS LTD\n', datetime.date(2013, 11, 15), 'RX'], ['CARLSBAD TECHNOLOGY INC\n', datetime.date(1999, 4, 30), 'RX'], ['CHARTWELL MOLECULES LLC\n', datetime.date(1997, 4, 24), 'DISCN'], ['DAVA PHARMACEUTICALS INC\n', datetime.date(1997, 11, 19), 'RX'], ['HERITAGE PHARMACEUTICALS INC\n', datetime.date(1997, 10, 31), 'RX'], ['HETERO LABS LTD UNIT V\n', datetime.date(2013, 10, 29), 'RX'], ['IVAX PHARMACEUTICALS INC SUB TEVA PHARMACEUTICALS USA\n', datetime.date(1997, 4, 22), 'DISCN'], ['LEK PHARMACEUTICAL AND CHEMICAL CO DD\n', datetime.date(1997, 4, 22), 'DISCN'], ['MYLAN PHARMACEUTICALS INC\n', datetime.date(1998, 4, 13), 'DISCN'], ['MYLAN PHARMACEUTICALS INC\n', datetime.date(1998, 9, 28), 'DISCN'], ['SQUARE PHARMACEUTICALS LTD\n', datetime.date(2019, 10, 7), 'RX'], ['SUN PHARMACEUTICAL INDUSTRIES LTD\n', datetime.date(1998, 9, 30), 'DISCN'], ['TEVA PHARMACEUTICALS USA INC\n', datetime.date(1997, 4, 22), 'RX'], ['TEVA PHARMACEUTICALS USA\n', datetime.date(1998, 3, 18), 'DISCN'], ['YILING PHARMACEUTICAL LTD\n', datetime.date(2018, 3, 7), 'RX'], ['ZYDUS PHARMACEUTICALS USA INC\n', datetime.date(2014, 8, 19), 'RX']]"
['acyclovir'],TABLET;ORAL,zovirax,800MG,1991-04-30,DISCN,N,"MYLAN PHARMACEUTICALS INC
",,,,,"[['ACTAVIS ELIZABETH LLC\n', datetime.date(1997, 6, 5), 'DISCN'], ['APOTEX INC ETOBICOKE SITE\n', datetime.date(2005, 9, 29), 'RX'], ['CADILA PHARMACEUTICALS LTD\n', datetime.date(2013, 11, 15), 'RX'], ['CARLSBAD TECHNOLOGY INC\n', datetime.date(1999, 4, 30), 'RX'], ['CHARTWELL MOLECULES LLC\n', datetime.date(1997, 4, 24), 'DISCN'], ['DAVA PHARMACEUTICALS INC\n', datetime.date(1997, 11, 19), 'RX'], ['HERITAGE PHARMACEUTICALS INC\n', datetime.date(1997, 10, 31), 'RX'], ['HETERO LABS LTD UNIT V\n', datetime.date(2013, 10, 29), 'RX'], ['IVAX PHARMACEUTICALS INC SUB TEVA PHARMACEUTICALS USA\n', datetime.date(1997, 4, 22), 'DISCN'], ['LEK PHARMACEUTICAL AND CHEMICAL CO DD\n', datetime.date(1997, 4, 22), 'DISCN'], ['MYLAN PHARMACEUTICALS INC\n', datetime.date(1998, 4, 13), 'DISCN'], ['MYLAN PHARMACEUTICALS INC\n', datetime.date(1998, 9, 28), 'DISCN'], ['SQUARE PHARMACEUTICALS LTD\n', datetime.date(2019, 10, 7), 'RX'], ['SUN PHARMACEUTICAL INDUSTRIES LTD\n', datetime.date(1998, 9, 30), 'DISCN'], ['TEVA PHARMACEUTICALS USA INC\n', datetime.date(1997, 4, 22), 'RX'], ['TEVA PHARMACEUTICALS USA\n', datetime.date(1998, 3, 18), 'DISCN'], ['YILING PHARMACEUTICAL LTD\n', datetime.date(2018, 3, 7), 'RX'], ['ZYDUS PHARMACEUTICALS USA INC\n', datetime.date(2014, 8, 19), 'RX']]"
